{
    "success": {
        "data": {
            "numberOfRecords": 2,
            "searchResults": [
                {
                    "firstName": "Jewel",
                    "handleName": "@jewel_saha",
                    "password": "admin",
                    "phone": 4294967295,
                    "lastName": "Saha",
                    "userId": 456,
                    "email": "sahajewel@gmail.com"
                },
                {
                    "firstName": "Manisha",
                    "handleName": "@manisha_saha",
                    "password": "manisha",
                    "phone": 4294967296,
                    "lastName": "Saha",
                    "userId": 457,
                    "email": "sahamanisha@gmail.com"
                }
            ]
        },
        "dataList": null,
        "statusCode": 200,
        "responseMessage": null
    },
    "error": null
}